{"bricks":[{"x":193,"y":803,"w":53,"h":43},{"x":345,"y":742,"w":63,"h":60},{"x":407,"y":778,"w":36,"h":27},{"x":445,"y":802,"w":36,"h":25},{"x":600,"y":545,"w":59,"h":72},{"x":247,"y":794,"w":18,"h":21},{"x":267,"y":778,"w":15,"h":16},{"x":282,"y":767,"w":16,"h":11},{"x":300,"y":752,"w":19,"h":14},{"x":319,"y":739,"w":24,"h":13},{"x":482,"y":809,"w":59,"h":45},{"x":692,"y":637,"w":70,"h":59},{"x":788,"y":702,"w":42,"h":25},{"x":982,"y":834,"w":23,"h":22},{"x":1004,"y":823,"w":11,"h":11},{"x":1015,"y":808,"w":15,"h":15},{"x":1030,"y":792,"w":13,"h":16},{"x":1043,"y":782,"w":10,"h":10},{"x":1053,"y":769,"w":7,"h":13},{"x":1060,"y":759,"w":7,"h":10},{"x":1067,"y":749,"w":6,"h":10},{"x":1073,"y":736,"w":11,"h":13},{"x":1084,"y":724,"w":12,"h":12},{"x":1096,"y":713,"w":11,"h":11},{"x":1107,"y":700,"w":11,"h":13},{"x":1118,"y":682,"w":14,"h":18},{"x":1132,"y":672,"w":14,"h":10},{"x":1146,"y":657,"w":16,"h":15},{"x":1162,"y":623,"w":29,"h":34},{"x":1192,"y":602,"w":14,"h":21},{"x":1206,"y":586,"w":13,"h":16},{"x":1219,"y":572,"w":14,"h":14},{"x":1233,"y":555,"w":14,"h":17},{"x":1247,"y":541,"w":7,"h":14},{"x":1257,"y":533,"w":5,"h":7},{"x":1256,"y":538,"w":0,"h":3},{"x":1253,"y":537,"w":5,"h":4},{"x":1261,"y":525,"w":14,"h":10},{"x":1274,"y":533,"w":77,"h":158},{"x":1353,"y":571,"w":63,"h":121},{"x":1417,"y":622,"w":72,"h":149},{"x":1488,"y":680,"w":55,"h":89},{"x":1543,"y":711,"w":44,"h":53},{"x":1587,"y":731,"w":45,"h":73},{"x":1634,"y":759,"w":37,"h":68},{"x":1671,"y":792,"w":35,"h":41},{"x":1706,"y":805,"w":46,"h":44},{"x":1753,"y":818,"w":34,"h":28},{"x":1787,"y":827,"w":25,"h":12},{"x":1812,"y":831,"w":15,"h":6},{"x":1487,"y":643,"w":30,"h":36},{"x":1417,"y":587,"w":31,"h":27},{"x":903,"y":679,"w":35,"h":35},{"x":149,"y":810,"w":43,"h":30},{"x":122,"y":820,"w":27,"h":13},{"x":844,"y":721,"w":40,"h":31},{"x":1388,"y":378,"w":54,"h":48},{"x":1483,"y":306,"w":51,"h":49},{"x":1562,"y":231,"w":60,"h":62},{"x":1641,"y":176,"w":51,"h":44},{"x":1443,"y":332,"w":46,"h":46},{"x":1425,"y":358,"w":18,"h":18},{"x":1516,"y":270,"w":23,"h":34},{"x":1538,"y":259,"w":23,"h":14},{"x":1596,"y":209,"w":20,"h":21},{"x":1617,"y":186,"w":23,"h":23},{"x":540,"y":821,"w":43,"h":33},{"x":584,"y":834,"w":30,"h":21},{"x":409,"y":754,"w":18,"h":24},{"x":1688,"y":190,"w":47,"h":33},{"x":1738,"y":202,"w":30,"h":27},{"x":1770,"y":219,"w":31,"h":24},{"x":1803,"y":237,"w":31,"h":20},{"x":1838,"y":247,"w":42,"h":27},{"x":1880,"y":260,"w":46,"h":28},{"x":1927,"y":271,"w":39,"h":19},{"x":1967,"y":282,"w":37,"h":11},{"x":2004,"y":285,"w":52,"h":12},{"x":2056,"y":288,"w":36,"h":15},{"x":2018,"y":771,"w":41,"h":38},{"x":1970,"y":807,"w":31,"h":36},{"x":1991,"y":788,"w":27,"h":18},{"x":2091,"y":290,"w":30,"h":28},{"x":2123,"y":305,"w":39,"h":40},{"x":2162,"y":312,"w":62,"h":52},{"x":2224,"y":333,"w":53,"h":54},{"x":2278,"y":348,"w":62,"h":60},{"x":2339,"y":362,"w":53,"h":46},{"x":2394,"y":373,"w":50,"h":34},{"x":2443,"y":382,"w":53,"h":18},{"x":2496,"y":374,"w":10,"h":15},{"x":2506,"y":363,"w":10,"h":11},{"x":2515,"y":352,"w":16,"h":11},{"x":2531,"y":342,"w":32,"h":10},{"x":2563,"y":339,"w":29,"h":3},{"x":2597,"y":328,"w":26,"h":11},{"x":2591,"y":334,"w":13,"h":3},{"x":2625,"y":315,"w":26,"h":14},{"x":2649,"y":308,"w":21,"h":6},{"x":2670,"y":305,"w":11,"h":2},{"x":2681,"y":301,"w":10,"h":4},{"x":2693,"y":294,"w":9,"h":10},{"x":2703,"y":288,"w":12,"h":9},{"x":2717,"y":285,"w":12,"h":6},{"x":2729,"y":282,"w":10,"h":5},{"x":2739,"y":270,"w":19,"h":12},{"x":2758,"y":263,"w":15,"h":7},{"x":2773,"y":258,"w":13,"h":5},{"x":2786,"y":250,"w":12,"h":8},{"x":2798,"y":241,"w":19,"h":9},{"x":2817,"y":229,"w":23,"h":12},{"x":2840,"y":223,"w":20,"h":6},{"x":2860,"y":209,"w":23,"h":14},{"x":2883,"y":195,"w":26,"h":14},{"x":2909,"y":183,"w":21,"h":12},{"x":2930,"y":173,"w":21,"h":10},{"x":2951,"y":174,"w":15,"h":9},{"x":2966,"y":175,"w":9,"h":7},{"x":2975,"y":174,"w":17,"h":10},{"x":2993,"y":177,"w":15,"h":16},{"x":3008,"y":192,"w":5,"h":1},{"x":3013,"y":193,"w":20,"h":14},{"x":3034,"y":205,"w":24,"h":22},{"x":3058,"y":216,"w":36,"h":16},{"x":3094,"y":222,"w":45,"h":15},{"x":3139,"y":227,"w":26,"h":13},{"x":3164,"y":231,"w":39,"h":16},{"x":3203,"y":237,"w":42,"h":20},{"x":3245,"y":245,"w":31,"h":20},{"x":3275,"y":249,"w":38,"h":22},{"x":3313,"y":259,"w":49,"h":21},{"x":3362,"y":262,"w":65,"h":30},{"x":3427,"y":272,"w":67,"h":34},{"x":3494,"y":279,"w":84,"h":35},{"x":3579,"y":287,"w":42,"h":28},{"x":3621,"y":288,"w":470,"h":51},{"x":4093,"y":278,"w":43,"h":10},{"x":4136,"y":273,"w":29,"h":5},{"x":4162,"y":260,"w":69,"h":11},{"x":4231,"y":245,"w":79,"h":15},{"x":4310,"y":231,"w":79,"h":14},{"x":4389,"y":228,"w":426,"h":1},{"x":4813,"y":228,"w":241,"h":81},{"x":5054,"y":234,"w":111,"h":81},{"x":5169,"y":244,"w":159,"h":96},{"x":5327,"y":255,"w":128,"h":76},{"x":5454,"y":271,"w":82,"h":58},{"x":5536,"y":279,"w":153,"h":100},{"x":5688,"y":293,"w":99,"h":80},{"x":5783,"y":308,"w":111,"h":82},{"x":5893,"y":325,"w":37,"h":58},{"x":5931,"y":338,"w":141,"h":142},{"x":6327,"y":631,"w":62,"h":47},{"x":6175,"y":555,"w":43,"h":39},{"x":6476,"y":509,"w":40,"h":19},{"x":6596,"y":590,"w":61,"h":40},{"x":6808,"y":813,"w":47,"h":38},{"x":6853,"y":803,"w":25,"h":26},{"x":6877,"y":792,"w":24,"h":17},{"x":98,"y":825,"w":23,"h":7},{"x":98,"y":828,"w":3,"h":19},{"x":82,"y":830,"w":15,"h":17},{"x":6783,"y":827,"w":27,"h":14},{"x":6758,"y":831,"w":23,"h":16},{"x":6737,"y":837,"w":21,"h":13}]}