{"sprites":[{"type":"Mario","x":0,"y":760,"w":60,"h":95},
{"type":"CoinBlock","x":547,"y":641,"w":89,"h":83},
{"type":"CoinBlock","x":794,"y":670,"w":89,"h":83},
{"type":"CoinBlock","x":1054,"y":615,"w":89,"h":83},
{"type":"Brick","x":1300,"y":820,"w":400,"h":20},
{"type":"CoinBlock","x":1300,"y":600,"w":89,"h":83},
{"type":"CoinBlock","x":1600,"y":615,"w":89,"h":83},
{"type":"Brick","x":1700,"y":800,"w":400,"h":20},
{"type":"Brick","x":2000,"y":775,"w":270,"h":15},
{"type":"CoinBlock","x":1945,"y":550,"w":89,"h":83},
{"type":"CoinBlock","x":2170,"y":550,"w":89,"h":83},
{"type":"Brick","x":2295,"y":790,"w":200,"h":15},
{"type":"Brick","x":2510,"y":810,"w":200,"h":15},
{"type":"CoinBlock","x":2590,"y":600,"w":89,"h":83},
{"type":"Brick","x":3000,"y":0,"w":100,"h":700},
{"type":"CoinBlock","x":3170,"y":650,"w":89,"h":83},
{"type":"Brick","x":3400,"y":0,"w":100,"h":700},
{"type":"Brick","x":3600,"y":0,"w":100,"h":850}
]}